Framework,Model,Training seed,Test accuracy
PyTorch,Baseline,2046,0.7543859481811523
PyTorch,Baseline,2047,0.7280701994895935
PyTorch,Baseline,2048,0.7543859481811523
PyTorch,Modified (HP_ID 0),2046,0.7456140518188477
PyTorch,Modified (HP_ID 0),2047,0.7456140518188477
PyTorch,Modified (HP_ID 0),2048,0.7543859481811523
TensorFlow,Baseline,2046,0.7280701754385965
TensorFlow,Baseline,2047,0.7368421052631579
TensorFlow,Baseline,2048,0.7280701754385965
TensorFlow,Modified (HP_ID 0),2046,0.7631578947368421
TensorFlow,Modified (HP_ID 0),2047,0.7368421052631579
TensorFlow,Modified (HP_ID 0),2048,0.7543859649122807
