timestamp,gpu_clock_mhz,memory_clock_mhz,temperature_c,power_draw_w,power_limit_w,utilization_gpu_percent,elapsed_s,gpu_uuid
2026/09/22 13:33:11.610,772.0,7001.0,50.0,38.53,575.0,1.0,0.0,GPU-f5d856a9-82a5-d9c5-668c-dfc0c6c17517
2026/09/22 13:33:16.617,2565.0,13801.0,68.0,574.78,575.0,98.0,5.004148721694946,GPU-f5d856a9-82a5-d9c5-668c-dfc0c6c17517
2026/09/22 13:33:21.615,2550.0,13801.0,70.0,575.35,575.0,98.0,10.004037857055664,GPU-f5d856a9-82a5-d9c5-668c-dfc0c6c17517
2026/09/22 13:33:26.617,2542.0,13801.0,71.0,573.67,575.0,98.0,15.001368761062622,GPU-f5d856a9-82a5-d9c5-668c-dfc0c6c17517
2026/09/22 13:33:31.615,2587.0,13801.0,72.0,575.57,575.0,98.0,20.003907203674316,GPU-f5d856a9-82a5-d9c5-668c-dfc0c6c17517
2026/09/22 13:33:36.617,2527.0,13801.0,72.0,574.68,575.0,98.0,25.004342794418335,GPU-f5d856a9-82a5-d9c5-668c-dfc0c6c17517
2026/09/22 13:33:41.618,2557.0,13801.0,72.0,574.7,575.0,97.0,30.00123882293701,GPU-f5d856a9-82a5-d9c5-668c-dfc0c6c17517
2026/09/22 13:33:46.627,2550.0,13801.0,73.0,574.12,575.0,98.0,35.003334045410156,GPU-f5d856a9-82a5-d9c5-668c-dfc0c6c17517
2026/09/22 13:33:51.617,2527.0,13801.0,73.0,576.41,575.0,98.0,40.0039439201355,GPU-f5d856a9-82a5-d9c5-668c-dfc0c6c17517
2026/09/22 13:33:56.617,2535.0,13801.0,73.0,575.03,575.0,97.0,45.004499435424805,GPU-f5d856a9-82a5-d9c5-668c-dfc0c6c17517
2026/09/22 13:34:01.618,2550.0,13801.0,73.0,575.42,575.0,98.0,50.00354886054993,GPU-f5d856a9-82a5-d9c5-668c-dfc0c6c17517
2026/09/22 13:34:06.628,2542.0,13801.0,73.0,575.33,575.0,98.0,55.0020706653595,GPU-f5d856a9-82a5-d9c5-668c-dfc0c6c17517
2026/09/22 13:34:11.599,2542.0,13801.0,73.0,574.93,575.0,98.0,60.000391721725464,GPU-f5d856a9-82a5-d9c5-668c-dfc0c6c17517
2026/09/22 13:34:16.607,2542.0,13801.0,73.0,575.35,575.0,98.0,65.00557708740234,GPU-f5d856a9-82a5-d9c5-668c-dfc0c6c17517
2026/09/22 13:34:21.617,2542.0,13801.0,74.0,574.99,575.0,98.0,70.00074768066406,GPU-f5d856a9-82a5-d9c5-668c-dfc0c6c17517
2026/09/22 13:34:26.606,2542.0,13801.0,73.0,574.41,575.0,97.0,75.00049042701721,GPU-f5d856a9-82a5-d9c5-668c-dfc0c6c17517
2026/09/22 13:34:31.617,2527.0,13801.0,74.0,575.44,575.0,98.0,80.00237107276917,GPU-f5d856a9-82a5-d9c5-668c-dfc0c6c17517
2026/09/22 13:34:36.606,2587.0,13801.0,74.0,573.41,575.0,97.0,85.00448489189148,GPU-f5d856a9-82a5-d9c5-668c-dfc0c6c17517
2026/09/22 13:34:41.616,2527.0,13801.0,74.0,575.4,575.0,98.0,90.0027379989624,GPU-f5d856a9-82a5-d9c5-668c-dfc0c6c17517
2026/09/22 13:34:46.616,2610.0,13801.0,74.0,573.49,575.0,97.0,95.00316166877747,GPU-f5d856a9-82a5-d9c5-668c-dfc0c6c17517
2026/09/22 13:34:51.626,2572.0,13801.0,73.0,574.83,575.0,97.0,100.00194644927979,GPU-f5d856a9-82a5-d9c5-668c-dfc0c6c17517
2026/09/22 13:34:56.617,2580.0,13801.0,74.0,575.12,575.0,97.0,105.0022075176239,GPU-f5d856a9-82a5-d9c5-668c-dfc0c6c17517
2026/09/22 13:35:01.607,2550.0,13801.0,74.0,574.72,575.0,98.0,110.00172281265259,GPU-f5d856a9-82a5-d9c5-668c-dfc0c6c17517
2026/09/22 13:35:06.626,2535.0,13801.0,74.0,574.47,575.0,97.0,115.00008654594421,GPU-f5d856a9-82a5-d9c5-668c-dfc0c6c17517
2026/09/22 13:35:11.627,2550.0,13801.0,74.0,575.42,575.0,98.0,120.00374245643616,GPU-f5d856a9-82a5-d9c5-668c-dfc0c6c17517
2026/09/22 13:35:16.609,2542.0,13801.0,74.0,574.75,575.0,97.0,125.00281548500061,GPU-f5d856a9-82a5-d9c5-668c-dfc0c6c17517
2026/09/22 13:35:21.616,2520.0,13801.0,74.0,575.51,575.0,99.0,130.00239276885986,GPU-f5d856a9-82a5-d9c5-668c-dfc0c6c17517
2026/09/22 13:35:26.606,2542.0,13801.0,74.0,576.13,575.0,98.0,135.00030422210693,GPU-f5d856a9-82a5-d9c5-668c-dfc0c6c17517
2026/09/22 13:35:31.606,2542.0,13801.0,74.0,575.86,575.0,98.0,140.00202894210815,GPU-f5d856a9-82a5-d9c5-668c-dfc0c6c17517
2026/09/22 13:35:36.617,2542.0,13801.0,74.0,575.09,575.0,98.0,145.00136256217957,GPU-f5d856a9-82a5-d9c5-668c-dfc0c6c17517
2026/09/22 13:35:41.626,2550.0,13801.0,74.0,575.78,575.0,97.0,150.00375056266785,GPU-f5d856a9-82a5-d9c5-668c-dfc0c6c17517
2026/09/22 13:35:46.616,2542.0,13801.0,74.0,574.63,575.0,97.0,155.0035376548767,GPU-f5d856a9-82a5-d9c5-668c-dfc0c6c17517
2026/09/22 13:35:51.626,2550.0,13801.0,74.0,576.24,575.0,98.0,160.00417566299438,GPU-f5d856a9-82a5-d9c5-668c-dfc0c6c17517
2026/09/22 13:35:56.628,2535.0,13801.0,74.0,576.13,575.0,98.0,165.00190138816833,GPU-f5d856a9-82a5-d9c5-668c-dfc0c6c17517
2026/09/22 13:36:01.627,2580.0,13801.0,74.0,574.66,575.0,98.0,170.00325179100037,GPU-f5d856a9-82a5-d9c5-668c-dfc0c6c17517
2026/09/22 13:36:06.616,2535.0,13801.0,74.0,574.93,575.0,98.0,175.0013906955719,GPU-f5d856a9-82a5-d9c5-668c-dfc0c6c17517
2026/09/22 13:36:11.609,2535.0,13801.0,74.0,575.18,575.0,98.0,180.00338101387024,GPU-f5d856a9-82a5-d9c5-668c-dfc0c6c17517
2026/09/22 13:36:16.626,2557.0,13801.0,74.0,575.44,575.0,97.0,185.00051283836365,GPU-f5d856a9-82a5-d9c5-668c-dfc0c6c17517
2026/09/22 13:36:21.607,2550.0,13801.0,74.0,575.01,575.0,98.0,190.00448560714722,GPU-f5d856a9-82a5-d9c5-668c-dfc0c6c17517
2026/09/22 13:36:26.627,2542.0,13801.0,73.0,574.53,575.0,98.0,195.00262594223022,GPU-f5d856a9-82a5-d9c5-668c-dfc0c6c17517
2026/09/22 13:36:31.616,2535.0,13801.0,74.0,574.85,575.0,97.0,200.00525736808777,GPU-f5d856a9-82a5-d9c5-668c-dfc0c6c17517
2026/09/22 13:36:36.616,2542.0,13801.0,74.0,575.08,575.0,98.0,205.0001621246338,GPU-f5d856a9-82a5-d9c5-668c-dfc0c6c17517
2026/09/22 13:36:41.604,2550.0,13801.0,74.0,575.3,575.0,98.0,210.0011920928955,GPU-f5d856a9-82a5-d9c5-668c-dfc0c6c17517
2026/09/22 13:36:46.607,2527.0,13801.0,74.0,576.26,575.0,98.0,215.0017910003662,GPU-f5d856a9-82a5-d9c5-668c-dfc0c6c17517
2026/09/22 13:36:51.625,2572.0,13801.0,74.0,575.72,575.0,98.0,220.0046615600586,GPU-f5d856a9-82a5-d9c5-668c-dfc0c6c17517
2026/09/22 13:36:56.627,2542.0,13801.0,74.0,574.78,575.0,98.0,225.00301694869995,GPU-f5d856a9-82a5-d9c5-668c-dfc0c6c17517
2026/09/22 13:37:01.609,2580.0,13801.0,74.0,575.31,575.0,98.0,230.0034463405609,GPU-f5d856a9-82a5-d9c5-668c-dfc0c6c17517
2026/09/22 13:37:06.606,2542.0,13801.0,74.0,575.29,575.0,98.0,235.00169849395752,GPU-f5d856a9-82a5-d9c5-668c-dfc0c6c17517
2026/09/22 13:37:11.607,2520.0,13801.0,74.0,575.22,575.0,98.0,240.0006618499756,GPU-f5d856a9-82a5-d9c5-668c-dfc0c6c17517
2026/09/22 13:37:16.625,2572.0,13801.0,74.0,574.09,575.0,97.0,245.0052695274353,GPU-f5d856a9-82a5-d9c5-668c-dfc0c6c17517
2026/09/22 13:37:21.627,2572.0,13801.0,74.0,574.59,575.0,98.0,250.00169610977173,GPU-f5d856a9-82a5-d9c5-668c-dfc0c6c17517
2026/09/22 13:37:26.616,2550.0,13801.0,74.0,575.58,575.0,99.0,255.00177931785583,GPU-f5d856a9-82a5-d9c5-668c-dfc0c6c17517
2026/09/22 13:37:31.608,2580.0,13801.0,74.0,575.08,575.0,97.0,260.00304555892944,GPU-f5d856a9-82a5-d9c5-668c-dfc0c6c17517
2026/09/22 13:37:36.616,2535.0,13801.0,74.0,574.83,575.0,99.0,265.0045590400696,GPU-f5d856a9-82a5-d9c5-668c-dfc0c6c17517
2026/09/22 13:37:41.626,2580.0,13801.0,74.0,574.69,575.0,97.0,270.00472617149353,GPU-f5d856a9-82a5-d9c5-668c-dfc0c6c17517
2026/09/22 13:37:46.616,2542.0,13801.0,73.0,568.45,575.0,99.0,275.00126814842224,GPU-f5d856a9-82a5-d9c5-668c-dfc0c6c17517
2026/09/22 13:37:51.616,2535.0,13801.0,74.0,570.01,575.0,98.0,280.0047402381897,GPU-f5d856a9-82a5-d9c5-668c-dfc0c6c17517
2026/09/22 13:37:56.596,2535.0,13801.0,73.0,569.09,575.0,75.0,285.0014224052429,GPU-f5d856a9-82a5-d9c5-668c-dfc0c6c17517
2026/09/22 13:38:01.607,2542.0,13801.0,73.0,567.55,575.0,74.0,290.0005099773407,GPU-f5d856a9-82a5-d9c5-668c-dfc0c6c17517
2026/09/22 13:38:06.595,2535.0,13801.0,73.0,567.25,575.0,74.0,295.0003204345703,GPU-f5d856a9-82a5-d9c5-668c-dfc0c6c17517
2026/09/22 13:38:11.615,2542.0,13801.0,74.0,569.58,575.0,78.0,300.00384068489075,GPU-f5d856a9-82a5-d9c5-668c-dfc0c6c17517
2026/09/22 13:38:16.617,2520.0,13801.0,74.0,569.88,575.0,78.0,305.00369143486023,GPU-f5d856a9-82a5-d9c5-668c-dfc0c6c17517
2026/09/22 13:38:21.606,2535.0,13801.0,74.0,568.35,575.0,76.0,310.00221014022827,GPU-f5d856a9-82a5-d9c5-668c-dfc0c6c17517
2026/09/22 13:38:26.617,2527.0,13801.0,74.0,568.95,575.0,77.0,315.0029833316803,GPU-f5d856a9-82a5-d9c5-668c-dfc0c6c17517
2026/09/22 13:38:31.606,2542.0,13801.0,74.0,568.79,575.0,75.0,320.0023012161255,GPU-f5d856a9-82a5-d9c5-668c-dfc0c6c17517
2026/09/22 13:38:36.625,2527.0,13801.0,74.0,569.23,575.0,78.0,325.00415444374084,GPU-f5d856a9-82a5-d9c5-668c-dfc0c6c17517
2026/09/22 13:38:41.609,2520.0,13801.0,74.0,569.25,575.0,77.0,330.00459718704224,GPU-f5d856a9-82a5-d9c5-668c-dfc0c6c17517
2026/09/22 13:38:46.605,2535.0,13801.0,74.0,567.47,575.0,74.0,335.00050687789917,GPU-f5d856a9-82a5-d9c5-668c-dfc0c6c17517
2026/09/22 13:38:51.608,2535.0,13801.0,74.0,568.35,575.0,76.0,340.00181579589844,GPU-f5d856a9-82a5-d9c5-668c-dfc0c6c17517
2026/09/22 13:38:56.610,2542.0,13801.0,74.0,568.04,575.0,74.0,345.00037384033203,GPU-f5d856a9-82a5-d9c5-668c-dfc0c6c17517
2026/09/22 13:39:01.608,2542.0,13801.0,74.0,568.54,575.0,75.0,350.0024275779724,GPU-f5d856a9-82a5-d9c5-668c-dfc0c6c17517
2026/09/22 13:39:06.606,2542.0,13801.0,74.0,523.05,575.0,0.0,355.0046286582947,GPU-f5d856a9-82a5-d9c5-668c-dfc0c6c17517
2026/09/22 13:39:11.618,2527.0,13801.0,74.0,523.42,575.0,0.0,360.00528836250305,GPU-f5d856a9-82a5-d9c5-668c-dfc0c6c17517
2026/09/22 13:39:16.626,2535.0,13801.0,74.0,521.55,575.0,0.0,365.00086998939514,GPU-f5d856a9-82a5-d9c5-668c-dfc0c6c17517
2026/09/22 13:39:21.617,2535.0,13801.0,74.0,525.83,575.0,0.0,370.0002369880676,GPU-f5d856a9-82a5-d9c5-668c-dfc0c6c17517
2026/09/22 13:39:26.616,2535.0,13801.0,74.0,522.22,575.0,0.0,375.0020432472229,GPU-f5d856a9-82a5-d9c5-668c-dfc0c6c17517
2026/09/22 13:39:31.610,2535.0,13801.0,74.0,523.45,575.0,0.0,380.0039312839508,GPU-f5d856a9-82a5-d9c5-668c-dfc0c6c17517
2026/09/22 13:39:36.626,2535.0,13801.0,74.0,524.0,575.0,0.0,385.00470304489136,GPU-f5d856a9-82a5-d9c5-668c-dfc0c6c17517
2026/09/22 13:39:41.609,2542.0,13801.0,74.0,574.65,575.0,97.0,390.0039572715759,GPU-f5d856a9-82a5-d9c5-668c-dfc0c6c17517
2026/09/22 13:39:46.606,2542.0,13801.0,74.0,574.54,575.0,97.0,395.00364089012146,GPU-f5d856a9-82a5-d9c5-668c-dfc0c6c17517
2026/09/22 13:39:51.616,2535.0,13801.0,74.0,574.97,575.0,98.0,400.00359177589417,GPU-f5d856a9-82a5-d9c5-668c-dfc0c6c17517
2026/09/22 13:39:56.607,2535.0,13801.0,74.0,575.16,575.0,98.0,405.00065302848816,GPU-f5d856a9-82a5-d9c5-668c-dfc0c6c17517
2026/09/22 13:40:01.608,2520.0,13801.0,74.0,574.56,575.0,97.0,410.0026607513428,GPU-f5d856a9-82a5-d9c5-668c-dfc0c6c17517
2026/09/22 13:40:06.607,2535.0,13801.0,74.0,575.25,575.0,98.0,415.0044057369232,GPU-f5d856a9-82a5-d9c5-668c-dfc0c6c17517
2026/09/22 13:40:11.607,2542.0,13801.0,74.0,575.1,575.0,99.0,420.001784324646,GPU-f5d856a9-82a5-d9c5-668c-dfc0c6c17517
2026/09/22 13:40:16.606,2542.0,13801.0,74.0,575.13,575.0,98.0,425.00012588500977,GPU-f5d856a9-82a5-d9c5-668c-dfc0c6c17517
2026/09/22 13:40:21.608,2535.0,13801.0,74.0,574.95,575.0,98.0,430.0000958442688,GPU-f5d856a9-82a5-d9c5-668c-dfc0c6c17517
2026/09/22 13:40:26.606,2542.0,13801.0,74.0,575.52,575.0,98.0,435.0010769367218,GPU-f5d856a9-82a5-d9c5-668c-dfc0c6c17517
2026/09/22 13:40:31.609,2542.0,13801.0,74.0,574.62,575.0,97.0,440.00047183036804,GPU-f5d856a9-82a5-d9c5-668c-dfc0c6c17517
2026/09/22 13:40:36.627,2527.0,13801.0,74.0,574.73,575.0,98.0,445.0050399303436,GPU-f5d856a9-82a5-d9c5-668c-dfc0c6c17517
2026/09/22 13:40:41.627,2572.0,13801.0,74.0,575.33,575.0,98.0,450.0031490325928,GPU-f5d856a9-82a5-d9c5-668c-dfc0c6c17517
2026/09/22 13:40:46.607,2580.0,13801.0,74.0,574.84,575.0,98.0,455.0002374649048,GPU-f5d856a9-82a5-d9c5-668c-dfc0c6c17517
2026/09/22 13:40:51.608,2527.0,13801.0,74.0,574.84,575.0,98.0,460.00138306617737,GPU-f5d856a9-82a5-d9c5-668c-dfc0c6c17517
2026/09/22 13:40:56.636,2512.0,13801.0,74.0,575.42,575.0,98.0,465.0044639110565,GPU-f5d856a9-82a5-d9c5-668c-dfc0c6c17517
2026/09/22 13:41:01.596,2542.0,13801.0,74.0,575.49,575.0,98.0,470.0001177787781,GPU-f5d856a9-82a5-d9c5-668c-dfc0c6c17517
2026/09/22 13:41:06.609,2535.0,13801.0,74.0,574.88,575.0,97.0,475.00425934791565,GPU-f5d856a9-82a5-d9c5-668c-dfc0c6c17517
2026/09/22 13:41:11.609,2557.0,13801.0,74.0,574.39,575.0,97.0,480.00403022766113,GPU-f5d856a9-82a5-d9c5-668c-dfc0c6c17517
2026/09/22 13:41:16.616,2565.0,13801.0,74.0,575.46,575.0,99.0,485.0041573047638,GPU-f5d856a9-82a5-d9c5-668c-dfc0c6c17517
2026/09/22 13:41:21.626,2542.0,13801.0,74.0,574.97,575.0,97.0,490.00274896621704,GPU-f5d856a9-82a5-d9c5-668c-dfc0c6c17517
2026/09/22 13:41:26.608,2520.0,13801.0,74.0,574.81,575.0,97.0,495.0014474391937,GPU-f5d856a9-82a5-d9c5-668c-dfc0c6c17517
2026/09/22 13:41:31.616,2565.0,13801.0,73.0,574.86,575.0,98.0,500.00457191467285,GPU-f5d856a9-82a5-d9c5-668c-dfc0c6c17517
2026/09/22 13:41:36.616,2520.0,13801.0,74.0,575.69,575.0,98.0,505.00566244125366,GPU-f5d856a9-82a5-d9c5-668c-dfc0c6c17517
2026/09/22 13:41:41.617,2542.0,13801.0,74.0,574.93,575.0,98.0,510.0022633075714,GPU-f5d856a9-82a5-d9c5-668c-dfc0c6c17517
2026/09/22 13:41:46.616,2580.0,13801.0,74.0,574.05,575.0,98.0,515.0044913291931,GPU-f5d856a9-82a5-d9c5-668c-dfc0c6c17517
2026/09/22 13:41:51.615,2557.0,13801.0,73.0,575.53,575.0,97.0,520.0051827430725,GPU-f5d856a9-82a5-d9c5-668c-dfc0c6c17517
2026/09/22 13:41:56.618,2572.0,13801.0,74.0,575.91,575.0,98.0,525.0053429603577,GPU-f5d856a9-82a5-d9c5-668c-dfc0c6c17517
2026/09/22 13:42:01.617,2565.0,13801.0,74.0,574.28,575.0,98.0,530.0040967464447,GPU-f5d856a9-82a5-d9c5-668c-dfc0c6c17517
2026/09/22 13:42:06.619,2542.0,13801.0,74.0,575.18,575.0,98.0,535.0041785240173,GPU-f5d856a9-82a5-d9c5-668c-dfc0c6c17517
2026/09/22 13:42:11.617,2542.0,13801.0,74.0,575.14,575.0,97.0,540.0015606880188,GPU-f5d856a9-82a5-d9c5-668c-dfc0c6c17517
2026/09/22 13:42:16.626,2527.0,13801.0,74.0,575.51,575.0,98.0,545.0056796073914,GPU-f5d856a9-82a5-d9c5-668c-dfc0c6c17517
2026/09/22 13:42:21.627,2550.0,13801.0,74.0,574.78,575.0,98.0,550.0002944469452,GPU-f5d856a9-82a5-d9c5-668c-dfc0c6c17517
2026/09/22 13:42:26.616,2542.0,13801.0,74.0,574.71,575.0,98.0,555.002527475357,GPU-f5d856a9-82a5-d9c5-668c-dfc0c6c17517
2026/09/22 13:42:31.615,2542.0,13801.0,74.0,574.79,575.0,98.0,560.0047245025635,GPU-f5d856a9-82a5-d9c5-668c-dfc0c6c17517
2026/09/22 13:42:36.610,2535.0,13801.0,74.0,575.07,575.0,98.0,565.0030093193054,GPU-f5d856a9-82a5-d9c5-668c-dfc0c6c17517
2026/09/22 13:42:41.596,2542.0,13801.0,73.0,575.06,575.0,97.0,570.0030755996704,GPU-f5d856a9-82a5-d9c5-668c-dfc0c6c17517
2026/09/22 13:42:46.617,2572.0,13801.0,74.0,574.64,575.0,98.0,575.0031230449677,GPU-f5d856a9-82a5-d9c5-668c-dfc0c6c17517
2026/09/22 13:42:51.605,2520.0,13801.0,73.0,575.58,575.0,98.0,580.0001366138458,GPU-f5d856a9-82a5-d9c5-668c-dfc0c6c17517
2026/09/22 13:42:56.617,2595.0,13801.0,73.0,575.48,575.0,97.0,585.0044448375702,GPU-f5d856a9-82a5-d9c5-668c-dfc0c6c17517
2026/09/22 13:43:01.627,2542.0,13801.0,74.0,577.44,575.0,97.0,590.0048978328705,GPU-f5d856a9-82a5-d9c5-668c-dfc0c6c17517
2026/09/22 13:43:06.625,2520.0,13801.0,74.0,575.09,575.0,98.0,595.0014269351959,GPU-f5d856a9-82a5-d9c5-668c-dfc0c6c17517
2026/09/22 13:43:11.619,2542.0,13801.0,74.0,575.66,575.0,99.0,600.002932548523,GPU-f5d856a9-82a5-d9c5-668c-dfc0c6c17517
2026/09/22 13:43:16.626,2587.0,13801.0,73.0,573.38,575.0,97.0,605.0031781196594,GPU-f5d856a9-82a5-d9c5-668c-dfc0c6c17517
2026/09/22 13:43:21.627,2602.0,13801.0,73.0,574.02,575.0,97.0,610.0036673545837,GPU-f5d856a9-82a5-d9c5-668c-dfc0c6c17517
2026/09/22 13:43:26.618,2527.0,13801.0,74.0,575.52,575.0,99.0,615.0043890476227,GPU-f5d856a9-82a5-d9c5-668c-dfc0c6c17517
2026/09/22 13:43:31.618,2550.0,13801.0,74.0,574.82,575.0,97.0,620.0002439022064,GPU-f5d856a9-82a5-d9c5-668c-dfc0c6c17517
2026/09/22 13:43:36.617,2550.0,13801.0,74.0,575.06,575.0,97.0,625.0010964870453,GPU-f5d856a9-82a5-d9c5-668c-dfc0c6c17517
2026/09/22 13:43:41.618,2550.0,13801.0,74.0,577.23,575.0,98.0,630.0039415359497,GPU-f5d856a9-82a5-d9c5-668c-dfc0c6c17517
2026/09/22 13:43:46.638,2550.0,13801.0,73.0,574.85,575.0,97.0,635.0056774616241,GPU-f5d856a9-82a5-d9c5-668c-dfc0c6c17517
2026/09/22 13:43:51.627,2542.0,13801.0,74.0,575.2,575.0,97.0,640.001948595047,GPU-f5d856a9-82a5-d9c5-668c-dfc0c6c17517
2026/09/22 13:43:56.607,2557.0,13801.0,74.0,574.24,575.0,95.0,645.0021712779999,GPU-f5d856a9-82a5-d9c5-668c-dfc0c6c17517
2026/09/22 13:44:01.617,2550.0,13801.0,74.0,575.23,575.0,98.0,650.001787185669,GPU-f5d856a9-82a5-d9c5-668c-dfc0c6c17517
2026/09/22 13:44:06.618,2542.0,13801.0,74.0,575.02,575.0,98.0,655.0006692409515,GPU-f5d856a9-82a5-d9c5-668c-dfc0c6c17517
2026/09/22 13:44:11.630,2550.0,13801.0,74.0,575.29,575.0,98.0,660.0021939277649,GPU-f5d856a9-82a5-d9c5-668c-dfc0c6c17517
2026/09/22 13:44:16.627,2535.0,13801.0,74.0,574.87,575.0,98.0,665.0039417743683,GPU-f5d856a9-82a5-d9c5-668c-dfc0c6c17517
2026/09/22 13:44:21.619,2550.0,13801.0,73.0,574.91,575.0,97.0,670.004105091095,GPU-f5d856a9-82a5-d9c5-668c-dfc0c6c17517
2026/09/22 13:44:26.619,2542.0,13801.0,74.0,574.45,575.0,97.0,675.0027136802673,GPU-f5d856a9-82a5-d9c5-668c-dfc0c6c17517
2026/09/22 13:44:31.627,2557.0,13801.0,73.0,574.77,575.0,97.0,680.0046896934509,GPU-f5d856a9-82a5-d9c5-668c-dfc0c6c17517
2026/09/22 13:44:36.626,2550.0,13801.0,74.0,574.99,575.0,97.0,685.0026934146881,GPU-f5d856a9-82a5-d9c5-668c-dfc0c6c17517
2026/09/22 13:44:41.627,2542.0,13801.0,74.0,575.3,575.0,99.0,690.0052161216736,GPU-f5d856a9-82a5-d9c5-668c-dfc0c6c17517
2026/09/22 13:44:46.618,2550.0,13801.0,74.0,575.19,575.0,98.0,695.0031864643097,GPU-f5d856a9-82a5-d9c5-668c-dfc0c6c17517
2026/09/22 13:44:51.637,2527.0,13801.0,74.0,575.02,575.0,97.0,700.000501871109,GPU-f5d856a9-82a5-d9c5-668c-dfc0c6c17517
2026/09/22 13:44:56.627,2550.0,13801.0,74.0,574.66,575.0,97.0,705.0043861865997,GPU-f5d856a9-82a5-d9c5-668c-dfc0c6c17517
2026/09/22 13:45:01.626,2550.0,13801.0,74.0,574.8,575.0,98.0,710.003851890564,GPU-f5d856a9-82a5-d9c5-668c-dfc0c6c17517
2026/09/22 13:45:06.627,2550.0,13801.0,73.0,574.82,575.0,97.0,715.0007286071777,GPU-f5d856a9-82a5-d9c5-668c-dfc0c6c17517
2026/09/22 13:45:11.627,2550.0,13801.0,74.0,574.66,575.0,97.0,720.000364780426,GPU-f5d856a9-82a5-d9c5-668c-dfc0c6c17517
2026/09/22 13:45:16.617,2550.0,13801.0,74.0,574.97,575.0,98.0,725.0005900859833,GPU-f5d856a9-82a5-d9c5-668c-dfc0c6c17517
2026/09/22 13:45:21.628,2542.0,13801.0,74.0,574.69,575.0,98.0,730.0043652057648,GPU-f5d856a9-82a5-d9c5-668c-dfc0c6c17517
2026/09/22 13:45:26.618,2550.0,13801.0,74.0,574.62,575.0,97.0,735.0042521953583,GPU-f5d856a9-82a5-d9c5-668c-dfc0c6c17517
2026/09/22 13:45:31.627,2550.0,13801.0,74.0,575.0,575.0,97.0,740.001405954361,GPU-f5d856a9-82a5-d9c5-668c-dfc0c6c17517
2026/09/22 13:45:36.619,2527.0,13801.0,74.0,574.49,575.0,97.0,745.0022494792938,GPU-f5d856a9-82a5-d9c5-668c-dfc0c6c17517
2026/09/22 13:45:41.618,2542.0,13801.0,74.0,575.39,575.0,98.0,750.0045764446259,GPU-f5d856a9-82a5-d9c5-668c-dfc0c6c17517
2026/09/22 13:45:46.627,2535.0,13801.0,74.0,575.25,575.0,98.0,755.0028283596039,GPU-f5d856a9-82a5-d9c5-668c-dfc0c6c17517
2026/09/22 13:45:51.617,2550.0,13801.0,74.0,575.49,575.0,98.0,760.001213312149,GPU-f5d856a9-82a5-d9c5-668c-dfc0c6c17517
2026/09/22 13:45:56.627,2542.0,13801.0,74.0,575.5,575.0,98.0,765.00306391716,GPU-f5d856a9-82a5-d9c5-668c-dfc0c6c17517
2026/09/22 13:46:01.617,2542.0,13801.0,74.0,574.96,575.0,97.0,770.0021913051605,GPU-f5d856a9-82a5-d9c5-668c-dfc0c6c17517
2026/09/22 13:46:06.627,2550.0,13801.0,74.0,575.35,575.0,98.0,775.0015180110931,GPU-f5d856a9-82a5-d9c5-668c-dfc0c6c17517
2026/09/22 13:46:11.626,2550.0,13801.0,74.0,574.61,575.0,97.0,780.0031313896179,GPU-f5d856a9-82a5-d9c5-668c-dfc0c6c17517
2026/09/22 13:46:16.627,2550.0,13801.0,74.0,574.92,575.0,97.0,785.0011787414551,GPU-f5d856a9-82a5-d9c5-668c-dfc0c6c17517
2026/09/22 13:46:21.628,2550.0,13801.0,74.0,574.73,575.0,97.0,790.0033752918243,GPU-f5d856a9-82a5-d9c5-668c-dfc0c6c17517
2026/09/22 13:46:26.619,2550.0,13801.0,74.0,574.69,575.0,97.0,795.0011579990387,GPU-f5d856a9-82a5-d9c5-668c-dfc0c6c17517
2026/09/22 13:46:31.608,2550.0,13801.0,74.0,575.18,575.0,98.0,800.0042071342468,GPU-f5d856a9-82a5-d9c5-668c-dfc0c6c17517
2026/09/22 13:46:36.646,2550.0,13801.0,74.0,575.02,575.0,98.0,805.0036442279816,GPU-f5d856a9-82a5-d9c5-668c-dfc0c6c17517
2026/09/22 13:46:41.627,2542.0,13801.0,73.0,575.33,575.0,98.0,810.0007326602936,GPU-f5d856a9-82a5-d9c5-668c-dfc0c6c17517
2026/09/22 13:46:46.608,2550.0,13801.0,74.0,575.49,575.0,98.0,815.0042779445648,GPU-f5d856a9-82a5-d9c5-668c-dfc0c6c17517
2026/09/22 13:46:51.628,2527.0,13801.0,74.0,569.43,575.0,98.0,820.0029282569885,GPU-f5d856a9-82a5-d9c5-668c-dfc0c6c17517
2026/09/22 13:46:56.618,2550.0,13801.0,74.0,569.47,575.0,97.0,825.0041711330414,GPU-f5d856a9-82a5-d9c5-668c-dfc0c6c17517
2026/09/22 13:47:01.627,2557.0,13801.0,74.0,569.34,575.0,97.0,830.0043292045593,GPU-f5d856a9-82a5-d9c5-668c-dfc0c6c17517
2026/09/22 13:47:06.619,2542.0,13801.0,74.0,569.33,575.0,97.0,835.0036196708679,GPU-f5d856a9-82a5-d9c5-668c-dfc0c6c17517
2026/09/22 13:47:11.616,2542.0,13801.0,74.0,568.03,575.0,98.0,840.0018692016602,GPU-f5d856a9-82a5-d9c5-668c-dfc0c6c17517
2026/09/22 13:47:16.629,2572.0,13801.0,74.0,567.98,575.0,74.0,845.0018665790558,GPU-f5d856a9-82a5-d9c5-668c-dfc0c6c17517
2026/09/22 13:47:21.628,2550.0,13801.0,74.0,568.54,575.0,73.0,850.001900434494,GPU-f5d856a9-82a5-d9c5-668c-dfc0c6c17517
2026/09/22 13:47:26.628,2542.0,13801.0,74.0,569.22,575.0,76.0,855.0043873786926,GPU-f5d856a9-82a5-d9c5-668c-dfc0c6c17517
2026/09/22 13:47:31.617,2550.0,13801.0,74.0,569.97,575.0,78.0,860.005537033081,GPU-f5d856a9-82a5-d9c5-668c-dfc0c6c17517
2026/09/22 13:47:36.639,2520.0,13801.0,74.0,570.44,575.0,78.0,865.0041210651398,GPU-f5d856a9-82a5-d9c5-668c-dfc0c6c17517
2026/09/22 13:47:41.628,2550.0,13801.0,74.0,568.42,575.0,75.0,870.001987695694,GPU-f5d856a9-82a5-d9c5-668c-dfc0c6c17517
2026/09/22 13:47:46.627,2542.0,13801.0,74.0,567.71,575.0,75.0,875.002848148346,GPU-f5d856a9-82a5-d9c5-668c-dfc0c6c17517
2026/09/22 13:47:51.638,2550.0,13801.0,74.0,569.49,575.0,78.0,880.0059103965759,GPU-f5d856a9-82a5-d9c5-668c-dfc0c6c17517
2026/09/22 13:47:56.628,2542.0,13801.0,74.0,567.77,575.0,73.0,885.0008590221405,GPU-f5d856a9-82a5-d9c5-668c-dfc0c6c17517
2026/09/22 13:48:01.618,2550.0,13801.0,74.0,569.7,575.0,77.0,890.0034642219543,GPU-f5d856a9-82a5-d9c5-668c-dfc0c6c17517
2026/09/22 13:48:06.627,2542.0,13801.0,74.0,570.12,575.0,78.0,895.0048449039459,GPU-f5d856a9-82a5-d9c5-668c-dfc0c6c17517
2026/09/22 13:48:11.628,2520.0,13801.0,74.0,569.86,575.0,77.0,900.0043981075287,GPU-f5d856a9-82a5-d9c5-668c-dfc0c6c17517
2026/09/22 13:48:16.619,2542.0,13801.0,74.0,570.5,575.0,79.0,905.005863904953,GPU-f5d856a9-82a5-d9c5-668c-dfc0c6c17517
2026/09/22 13:48:21.617,2550.0,13801.0,74.0,569.58,575.0,77.0,910.0057504177094,GPU-f5d856a9-82a5-d9c5-668c-dfc0c6c17517
2026/09/22 13:48:26.627,2542.0,13801.0,74.0,569.38,575.0,76.0,915.0044696331024,GPU-f5d856a9-82a5-d9c5-668c-dfc0c6c17517
2026/09/22 13:48:31.628,2542.0,13801.0,74.0,568.04,575.0,75.0,920.0024995803833,GPU-f5d856a9-82a5-d9c5-668c-dfc0c6c17517
2026/09/22 13:48:36.628,2550.0,13801.0,74.0,568.05,575.0,74.0,925.0023658275604,GPU-f5d856a9-82a5-d9c5-668c-dfc0c6c17517
2026/09/22 13:48:41.607,2550.0,13801.0,74.0,522.86,575.0,0.0,930.0029258728027,GPU-f5d856a9-82a5-d9c5-668c-dfc0c6c17517
2026/09/22 13:48:46.619,2542.0,13801.0,74.0,521.64,575.0,0.0,935.0004212856293,GPU-f5d856a9-82a5-d9c5-668c-dfc0c6c17517
2026/09/22 13:48:51.618,2550.0,13801.0,74.0,527.49,575.0,0.0,940.0020325183868,GPU-f5d856a9-82a5-d9c5-668c-dfc0c6c17517
2026/09/22 13:48:56.617,2542.0,13801.0,74.0,521.74,575.0,0.0,945.0013184547424,GPU-f5d856a9-82a5-d9c5-668c-dfc0c6c17517
2026/09/22 13:49:01.619,2550.0,13801.0,74.0,523.13,575.0,0.0,950.0049071311951,GPU-f5d856a9-82a5-d9c5-668c-dfc0c6c17517
2026/09/22 13:49:06.607,2520.0,13801.0,74.0,521.86,575.0,0.0,955.0011413097382,GPU-f5d856a9-82a5-d9c5-668c-dfc0c6c17517
2026/09/22 13:49:11.628,2572.0,13801.0,74.0,484.42,575.0,0.0,960.0027339458466,GPU-f5d856a9-82a5-d9c5-668c-dfc0c6c17517
2026/09/22 13:49:16.617,2565.0,13801.0,74.0,523.25,575.0,1.0,965.004935503006,GPU-f5d856a9-82a5-d9c5-668c-dfc0c6c17517
2026/09/22 13:49:21.616,2535.0,13801.0,74.0,574.68,575.0,0.0,970.0045554637909,GPU-f5d856a9-82a5-d9c5-668c-dfc0c6c17517
2026/09/22 13:49:26.616,2535.0,13801.0,74.0,575.14,575.0,98.0,975.0034012794495,GPU-f5d856a9-82a5-d9c5-668c-dfc0c6c17517
2026/09/22 13:49:31.625,2527.0,13801.0,74.0,574.86,575.0,97.0,980.0027184486389,GPU-f5d856a9-82a5-d9c5-668c-dfc0c6c17517
2026/09/22 13:49:36.616,2527.0,13801.0,74.0,575.23,575.0,98.0,985.003922700882,GPU-f5d856a9-82a5-d9c5-668c-dfc0c6c17517
2026/09/22 13:49:41.609,2520.0,13801.0,74.0,575.21,575.0,98.0,990.0019958019257,GPU-f5d856a9-82a5-d9c5-668c-dfc0c6c17517
2026/09/22 13:49:46.616,2542.0,13801.0,74.0,574.79,575.0,98.0,995.0046093463898,GPU-f5d856a9-82a5-d9c5-668c-dfc0c6c17517
2026/09/22 13:49:51.606,2535.0,13801.0,74.0,575.3,575.0,98.0,1000.0008640289307,GPU-f5d856a9-82a5-d9c5-668c-dfc0c6c17517
2026/09/22 13:49:56.610,2542.0,13801.0,74.0,574.9,575.0,97.0,1005.0045299530029,GPU-f5d856a9-82a5-d9c5-668c-dfc0c6c17517
2026/09/22 13:50:01.616,2535.0,13801.0,74.0,574.88,575.0,97.0,1010.002991437912,GPU-f5d856a9-82a5-d9c5-668c-dfc0c6c17517
2026/09/22 13:50:06.610,2535.0,13801.0,74.0,574.68,575.0,97.0,1015.0049390792847,GPU-f5d856a9-82a5-d9c5-668c-dfc0c6c17517
2026/09/22 13:50:11.606,2550.0,13801.0,74.0,575.03,575.0,98.0,1020.0035781860352,GPU-f5d856a9-82a5-d9c5-668c-dfc0c6c17517
2026/09/22 13:50:16.609,2535.0,13801.0,74.0,574.95,575.0,98.0,1025.001552581787,GPU-f5d856a9-82a5-d9c5-668c-dfc0c6c17517
2026/09/22 13:50:21.625,2542.0,13801.0,74.0,574.99,575.0,98.0,1030.0059394836426,GPU-f5d856a9-82a5-d9c5-668c-dfc0c6c17517
2026/09/22 13:50:26.617,2542.0,13801.0,74.0,575.17,575.0,98.0,1035.003685951233,GPU-f5d856a9-82a5-d9c5-668c-dfc0c6c17517
2026/09/22 13:50:31.626,2527.0,13801.0,74.0,575.26,575.0,98.0,1040.0045466423035,GPU-f5d856a9-82a5-d9c5-668c-dfc0c6c17517
2026/09/22 13:50:36.607,2520.0,13801.0,74.0,575.2,575.0,97.0,1045.0037851333618,GPU-f5d856a9-82a5-d9c5-668c-dfc0c6c17517
2026/09/22 13:50:41.606,2542.0,13801.0,74.0,574.91,575.0,97.0,1050.000655412674,GPU-f5d856a9-82a5-d9c5-668c-dfc0c6c17517
2026/09/22 13:50:46.615,2535.0,13801.0,74.0,574.97,575.0,98.0,1055.0023379325867,GPU-f5d856a9-82a5-d9c5-668c-dfc0c6c17517
2026/09/22 13:50:51.616,2542.0,13801.0,74.0,574.77,575.0,97.0,1060.0022637844086,GPU-f5d856a9-82a5-d9c5-668c-dfc0c6c17517
2026/09/22 13:50:56.606,2535.0,13801.0,74.0,575.25,575.0,99.0,1065.0035772323608,GPU-f5d856a9-82a5-d9c5-668c-dfc0c6c17517
2026/09/22 13:51:01.615,2535.0,13801.0,74.0,575.04,575.0,97.0,1070.0000305175781,GPU-f5d856a9-82a5-d9c5-668c-dfc0c6c17517
2026/09/22 13:51:06.626,2535.0,13801.0,74.0,574.86,575.0,97.0,1075.0018074512482,GPU-f5d856a9-82a5-d9c5-668c-dfc0c6c17517
2026/09/22 13:51:11.606,2550.0,13801.0,74.0,574.47,575.0,97.0,1080.0036289691925,GPU-f5d856a9-82a5-d9c5-668c-dfc0c6c17517
2026/09/22 13:51:16.619,2535.0,13801.0,74.0,575.07,575.0,98.0,1085.0011043548584,GPU-f5d856a9-82a5-d9c5-668c-dfc0c6c17517
2026/09/22 13:51:21.616,2535.0,13801.0,74.0,575.39,575.0,99.0,1090.0034139156342,GPU-f5d856a9-82a5-d9c5-668c-dfc0c6c17517
2026/09/22 13:51:26.616,2542.0,13801.0,74.0,574.72,575.0,98.0,1095.0051758289337,GPU-f5d856a9-82a5-d9c5-668c-dfc0c6c17517
2026/09/22 13:51:31.610,2527.0,13801.0,74.0,575.45,575.0,98.0,1100.0050814151764,GPU-f5d856a9-82a5-d9c5-668c-dfc0c6c17517
2026/09/22 13:51:36.616,2535.0,13801.0,74.0,574.72,575.0,98.0,1105.0021822452545,GPU-f5d856a9-82a5-d9c5-668c-dfc0c6c17517
2026/09/22 13:51:41.607,2542.0,13801.0,74.0,575.05,575.0,97.0,1110.0032277107239,GPU-f5d856a9-82a5-d9c5-668c-dfc0c6c17517
2026/09/22 13:51:46.606,2542.0,13801.0,74.0,575.21,575.0,98.0,1115.0007600784302,GPU-f5d856a9-82a5-d9c5-668c-dfc0c6c17517
2026/09/22 13:51:51.618,2512.0,13801.0,74.0,575.11,575.0,97.0,1120.0038368701935,GPU-f5d856a9-82a5-d9c5-668c-dfc0c6c17517
2026/09/22 13:51:56.617,2542.0,13801.0,74.0,575.2,575.0,98.0,1125.002324104309,GPU-f5d856a9-82a5-d9c5-668c-dfc0c6c17517
2026/09/22 13:52:01.596,2550.0,13801.0,74.0,574.71,575.0,97.0,1130.0021169185638,GPU-f5d856a9-82a5-d9c5-668c-dfc0c6c17517
2026/09/22 13:52:06.597,2542.0,13801.0,74.0,574.9,575.0,97.0,1135.001258611679,GPU-f5d856a9-82a5-d9c5-668c-dfc0c6c17517
2026/09/22 13:52:11.618,2520.0,13801.0,74.0,574.99,575.0,98.0,1140.0026550292969,GPU-f5d856a9-82a5-d9c5-668c-dfc0c6c17517
2026/09/22 13:52:16.617,2550.0,13801.0,74.0,575.03,575.0,97.0,1145.0011596679688,GPU-f5d856a9-82a5-d9c5-668c-dfc0c6c17517
2026/09/22 13:52:21.626,2520.0,13801.0,74.0,575.03,575.0,98.0,1150.0034611225128,GPU-f5d856a9-82a5-d9c5-668c-dfc0c6c17517
2026/09/22 13:52:26.616,2550.0,13801.0,74.0,574.42,575.0,98.0,1155.0042424201965,GPU-f5d856a9-82a5-d9c5-668c-dfc0c6c17517
2026/09/22 13:52:31.626,2542.0,13801.0,74.0,575.13,575.0,98.0,1160.0025427341461,GPU-f5d856a9-82a5-d9c5-668c-dfc0c6c17517
2026/09/22 13:52:36.616,2542.0,13801.0,74.0,574.97,575.0,98.0,1165.0034472942352,GPU-f5d856a9-82a5-d9c5-668c-dfc0c6c17517
2026/09/22 13:52:41.627,2535.0,13801.0,74.0,575.59,575.0,99.0,1170.0046994686127,GPU-f5d856a9-82a5-d9c5-668c-dfc0c6c17517
2026/09/22 13:52:46.616,2542.0,13801.0,74.0,575.2,575.0,98.0,1175.0011727809906,GPU-f5d856a9-82a5-d9c5-668c-dfc0c6c17517
2026/09/22 13:52:51.607,2542.0,13801.0,74.0,575.3,575.0,98.0,1180.0012950897217,GPU-f5d856a9-82a5-d9c5-668c-dfc0c6c17517
2026/09/22 13:52:56.637,2565.0,13801.0,74.0,574.03,575.0,98.0,1185.0029397010803,GPU-f5d856a9-82a5-d9c5-668c-dfc0c6c17517
2026/09/22 13:53:01.606,2550.0,13801.0,74.0,574.88,575.0,98.0,1190.0012278556824,GPU-f5d856a9-82a5-d9c5-668c-dfc0c6c17517
2026/09/22 13:53:06.606,2535.0,13801.0,74.0,575.01,575.0,98.0,1195.0001196861267,GPU-f5d856a9-82a5-d9c5-668c-dfc0c6c17517
