gpu_uuid,gpu_name,N,precision,warmup,repetitions,median_ms,mean_ms,std_ms,achieved_tflops,theoretical_tflops,percent_peak
GPU-f5d856a9-82a5-d9c5-668c-dfc0c6c17517,NVIDIA GeForce RTX 5090,1024,FP32,10,30,0.0671359971165657,0.07517013313869635,0.01990683616313034,31.987067150747833,104.8,30.522010640026558
GPU-f5d856a9-82a5-d9c5-668c-dfc0c6c17517,NVIDIA GeForce RTX 5090,4096,FP32,10,30,2.1120959520339966,2.0823541283607483,0.07117016522980636,65.07230570639709,104.8,62.09189475801249
GPU-f5d856a9-82a5-d9c5-668c-dfc0c6c17517,NVIDIA GeForce RTX 5090,8192,FP32,10,30,16.58414363861084,16.664169629414875,0.4814397702217587,66.298969168124,104.8,63.262375160423666
GPU-f5d856a9-82a5-d9c5-668c-dfc0c6c17517,NVIDIA GeForce RTX 5090,16384,FP32,10,30,133.48809814453125,133.97997538248697,1.997031609438179,65.89421187710853,104.8,62.876156371286775
GPU-f5d856a9-82a5-d9c5-668c-dfc0c6c17517,NVIDIA GeForce RTX 5090,1024,TF32,10,30,0.11769599840044975,0.1333312009771665,0.05468834468090094,18.246020911377,209.5,8.709317857459189
GPU-f5d856a9-82a5-d9c5-668c-dfc0c6c17517,NVIDIA GeForce RTX 5090,4096,TF32,10,30,1.3825920224189758,1.483793067932129,0.5457269869885278,99.4067311566991,209.5,47.44951367861532
GPU-f5d856a9-82a5-d9c5-668c-dfc0c6c17517,NVIDIA GeForce RTX 5090,8192,TF32,10,30,9.770975589752197,9.760762564341228,0.07292976191919846,112.52833636481174,209.5,53.71280972067386
GPU-f5d856a9-82a5-d9c5-668c-dfc0c6c17517,NVIDIA GeForce RTX 5090,16384,TF32,10,30,78.20301055908203,77.70638758341471,1.158853281642527,112.47767776871697,209.5,53.68862900654749
GPU-f5d856a9-82a5-d9c5-668c-dfc0c6c17517,NVIDIA GeForce RTX 5090,1024,FP16,10,30,0.03787199966609478,0.03698666654527187,0.003617076659567612,56.70373011548563,419.0,13.533109812765066
GPU-f5d856a9-82a5-d9c5-668c-dfc0c6c17517,NVIDIA GeForce RTX 5090,4096,FP16,10,30,0.6691999733448029,0.6790517290433248,0.046044014423051095,205.3780020119413,419.0,49.01622959712203
GPU-f5d856a9-82a5-d9c5-668c-dfc0c6c17517,NVIDIA GeForce RTX 5090,8192,FP16,10,30,5.135584115982056,5.1394272168477375,0.178164150401183,214.09670311003075,419.0,51.097065181391585
GPU-f5d856a9-82a5-d9c5-668c-dfc0c6c17517,NVIDIA GeForce RTX 5090,16384,FP16,10,30,40.833967208862305,40.89310963948568,0.1382089095125181,215.41117906121454,419.0,51.41078259217531
GPU-f5d856a9-82a5-d9c5-668c-dfc0c6c17517,NVIDIA GeForce RTX 5090,1024,BF16,10,30,0.03409599885344505,0.03558719977736473,0.004498865695136194,62.98345026437079,419.0,15.031849705100427
GPU-f5d856a9-82a5-d9c5-668c-dfc0c6c17517,NVIDIA GeForce RTX 5090,4096,BF16,10,30,0.680976003408432,0.6997514724731445,0.07697410836094543,201.8264267523207,419.0,48.168598270243606
GPU-f5d856a9-82a5-d9c5-668c-dfc0c6c17517,NVIDIA GeForce RTX 5090,8192,BF16,10,30,5.063199996948242,5.012486410140991,0.1401388534301861,217.15745545084374,419.0,51.82755500020137
GPU-f5d856a9-82a5-d9c5-668c-dfc0c6c17517,NVIDIA GeForce RTX 5090,16384,BF16,10,30,40.15633583068848,40.43812573750814,0.6261410900941374,219.04620628971344,419.0,52.27833085673351
